﻿Anno;Posizione;Canzone;Artista;Anno_ultimo_rilascio;Popolarità;Popolarità Normalizzata
1952;7;PERCHÉ LE DONNE BELLE;PAOLO BELLASIO;2023;0;0
1955;3;CANTO NELLA VALLE;LE NOSTRE VALLI;2023;20;0,206185567
1957;3;SCUSAMI;MAX PASQUARELLI;2023;27;0,278350515
1960;4;COLPEVOLE;GEMITAIZ;2023;64;0,659793814
1960;5;È MEZZANOTTE;ELODIE;2023;57;0,587628866
1962;11;PASSA IL TEMPO;NÉZA;2023;54;0,556701031
1966;8;PARLAMI DI TE;L-DREAM;2023;33;0,340206186
1967;8;PIETRE;NERISSIMA SERPE;2023;45;0,463917526
1970;8;TAXI;TONY EFFE;2023;72;0,742268041
1970;13;CANZONE BLU;PETER WHITE;2023;43;0,443298969
1970;14;RE DI CUORI;YOSEF;2023;22;0,226804124
1975;2;VA' SPERANZA VA';VANILLA;2023;22;0,226804124
1975;5;E POI E POI;ANNALISA;2023;70;0,721649485
1976;10;CUORE DI VETRO;MATTHEW TT;2023;37;0,381443299
1976;18;CHE SAREI;VINCENZO SCARPULLA;2023;19;0,195876289
1977;3;MONICA;KUAMI EUGENE;2023;60;0,618556701
1979;1;AMARE;ULTIMO;2023;53;0,546391753
1979;12;LIANA;JEDI DREAMS;2023;29;0,298969072
1983;11;SHALOM;THE CONSCIOUS UNDERGROUND;2023;39;0,402061856
1983;19;STIAMO INSIEME;AURORA E LUDOVICA;2023;26;0,268041237
1983;20;NUVOLA;HOLDEN;2023;72;0,742268041
1985;16;DA QUANDO NON CI SEI;SEIFE;2023;18;0,18556701
1986;9;RE;TEDUA;2023;74;0,762886598
1986;15;INNAMORATISSIMO (TU CHE FAI BATTERE FORTE IL MIO CUORE);BLANCO;2023;58;0,597938144
1987;7;CANZONE D'AMORE;GAZZELLE;2023;64;0,659793814
1987;12;DESTINO;VILLABANKS;2023;42;0,432989691
1988;6;ITALIA;BIA;2023;73;0,75257732
1988;16;IO;ROSE VILLAIN;2023;69;0,711340206
1988;17;NUN CHIAGNERE;ALESSANDRA DI CESARE;2023;26;0,268041237
1989;18;CIAO;SFERA EBBASTA;2023;73;0,75257732
1990;17;BUONA GIORNATA;ALICIAKAT;2023;24;0,24742268
1990;20;AMORE;EMMA;2023;65;0,670103093
1994;15;STATENTO;AP RACKCHASER;2023;27;0,278350515
1994;20;NAPOLI;NINO D'ANGELO;2023;27;0,278350515
1995;18;TROPPO SOLE;SOFIA SOLE;2023;28;0,288659794
1996;18;NON ANDARE VIA;SAM E IL METEORINO;2023;33;0,340206186
1997;6;PADRE NOSTRO;ARTIE 5IVE;2023;52;0,536082474
1997;18;VERO AMORE;HINOA;2023;1;0,010309278
1997;20;LUNA;FEID;2023;97;1
1998;7;UN PO' DI TE;ALEX WYSE;2023;59;0,608247423
1999;2;NON TI DIMENTICO (SE NON CI FOSSERO LE NUVOLE);GEMITAIZ;2023;62;0,639175258
1999;9;ARIA;ARGY;2023;75;0,773195876
2000;3;INNAMORATO;BLANCO;2023;58;0,597938144
2001;12;IL PROFUMO DEL MARE;SAM E IL METEORINO;2023;26;0,268041237
2002;5;PRIMAVERA A SARAJEVO;ANDREA MIRÒ;2023;12;0,12371134
2002;18;LA MIA CANZONE;ALEX WYSE;2023;63;0,649484536
2003;4;NESSUNO TOCCHI CAINO;ANDREA MIRÒ;2023;24;0,24742268
2005;2;COME NOI NESSUNO AL MONDO;TOTO CUTUGNO;2023;16;0,164948454
2008;5;RICORDI;MEDY;2023;73;0,75257732
2011;5;L'ALIENO;AGUIRRE;2023;1;0,010309278
2014;3;ORA;SFERA EBBASTA;2023;62;0,639175258
2014;10;NEL TUO SORRISO;ANDREA MARIANI;2023;16;0,164948454
2015;9;SOLA;ANNALISA;2023;65;0,670103093
2021;11;AMARE;ULTIMO;2023;53;0,546391753
2021;25;ORA;SFERA EBBASTA;2023;62;0,639175258
2023;3;SUPEREROI;MR.RAIN;2023;70;0,721649485
2023;6;PAROLE DETTE MALE;GIORGIA;2023;47;0,484536082
2023;7;IL BENE NEL MALE;MADAME;2023;62;0,639175258
2023;8;MADE IN ITALY;ROSA CHEMICAL;2023;62;0,639175258
2023;9;DUE;MARCO MENGONI;2023;67;0,690721649
2023;11;LASCIAMI;MODÀ;2023;52;0,536082474
2023;12;QUANDO TI MANCA IL FIATO;GIANLUCA GRIGNANI;2023;45;0,463917526
2023;14;MARE DI GUAI;ARIETE;2023;55;0,567010309
2023;15;SE POI DOMANI;LDA;2023;50;0,515463918
2023;16;UN BEL VIAGGIO;ARTICOLO 31;2023;54;0,556701031
2023;17;FURORE;PAOLA & CHIARA;2023;55;0,567010309
2023;18;TERZO CUORE;LEO GASSMANN;2023;49;0,505154639
2023;19;DUEMILAMINUTI;MARA SATTEI;2023;62;0,639175258
2023;20;NON MI VA;COLLA ZIO;2023;46;0,474226804
2023;21;LETTERA 22;CUGINI DI CAMPAGNA;2023;45;0,463917526
2023;25;SALI (CANTO DELL'ANIMA);ANNA OXA;2023;42;0,432989691
2023;27;EGOISTA;SHARI;2023;45;0,463917526
2023;28;CAUSE PERSE;SETHU;2023;44;0,453608247
1952;3;UNA DONNA PREGA;NILLA PIZZI;2021;1;0,010309278
1952;4;MADONNA DELLE ROSE;CLAUDIO VILLA;1959;13;0,134020619
1952;5;UN DISCO DALL'ITALIA;GINO BECHI;1970;0;0
1952;6;L'ATTESA;DANIELA PICCIAU;2022;18;0,18556701
1952;8;VECCHIE MURA;ACHILLE TOGLIANI;2012;0;0
1952;9;LIBRO DI NOVELLE;ACHILLE TOGLIANI;2012;0;0
1952;10;NEL REGNO DEI SOGNI;NILLA PIZZI;2006;5;0,051546392
1953;3;LASCIAMI CANTARE UNA CANZONE;ACHILLE TOGLIANI;2012;20;0,206185567
1953;3;VECCHIO SCARPONE;I GIRASOLI;2011;26;0,268041237
1953;5;VECCHIA VILLA COMUNALE;GINO LATILLA;2015;0;0
1953;6;NO PIERROT;AURELIO FIERRO;2009;0;0
1953;7;IL PASSEROTTO;CIANSUNIER;2017;3;0,030927835
1953;8;SUSSURRANDO BUONANOTTE;NILLA PIZZI;2020;0;0
1953;9;TAMBURINO DEL REGGIMENTO;LUCIANO TAIOLI;2017;3;0,030927835
1953;10;PAPÀ PACIFICO;NILLA PIZZI;2011;0;0
1954;3;...E LA BARCA TORNÒ SOLA;RENATO CAROSONE;1995;20;0,206185567
1954;4;NOTTURNO (PER CHI NON HA NESSUNO);VITTORIA MONGARDI;2013;0;0
1954;5;NON È MAI TROPPO TARDI;FEDERICO ROSSI;2021;52;0,536082474
1954;6;AVEVA UN BAVERO;QUARTETTO CETRA;2014;14;0,144329897
1954;7;SOTTO L'OMBRELLO;MATTEO TARANTINO;2008;2;0,020618557
1954;8;MOGLIETTINA;RENZO ARBORE;2009;25;0,257731959
1954;9;CON TE;ANDREA BOCELLI;1995;50;0,515463918
1954;10;DONNINA SOLA;MIA MARTINI;1972;25;0,257731959
1955;4;INCANTATELLA;NARCISO PARIGI;2022;3;0,030927835
1955;5;UN CUORE;FRANCESCA MICHIELIN;2016;44;0,453608247
1955;6;L'OMBRA;SPIA;2019;13;0,134020619
1955;7;CI CIU CÌ (CANTAVA UN USIGNOL);NATALINO OTTO;2022;0;0
1955;8;UNA FOTOGRAFIA NELLA CORNICE;NATALINO OTTO;1953;4;0,041237113
1956;3;LA VITA È UN PARADISO DI BUGIE;QUARTETTO CETRA;2009;13;0,134020619
1956;4;IL CANTICO DEL CIELO;FIORELLA BINI;2015;2;0,020618557
1956;5;LA COLPA FU;EL CANFIN;2007;27;0,278350515
1956;6;IL BOSCO INNAMORATO;QUARTETTO CETRA;1955;1;0,010309278
1956;7;ALBERO CADUTO;QUARTETTO CETRA;2020;0;0
1956;8;MUSETTO (LA PIÙ BELLA SEI TU);GIANNI MARZOCCHI;2012;1;0,010309278
1956;9;NOTA PER NOTA;ZUCCHERO;2004;40;0,412371134
1956;10;DUE TESTE SUL CUSCINO;CLAUDIO VILLA;2019;0;0
1957;4;CASETTA IN CANADÀ;BIG BOYS;2001;26;0,268041237
1957;5;CANCELLO TRA LE ROSE;GIORGIO CONSOLINI;1997;6;0,06185567
1957;6;IL PERICOLO NUMERO UNO;RENATO CAROSONE;2007;20;0,206185567
1957;7;INTORNO A TE (È SEMPRE PRIMAVERA);TONINA TORRIELLI;2010;0;0
1957;8;PER UNA VOLTA ANCORA;CECCO E CIPO;2022;33;0,340206186
1957;9;UN FILO DI SPERANZA;GINO LATILLA;2000;2;0,020618557
1957;10;LE TROTE BLU;GIORGIO CONSOLINI;2019;2;0,020618557
1958;1;NEL BLU DIPINTO DI BLU;DOMENICO MODUGNO;2008;52;0,536082474
1958;3;AMARE UN'ALTRA;TONY COLOMBO;2022;19;0,195876289
1958;4;CAMPANA DI SANTA LUCIA;GIACOMO RONDINELLA;2011;2;0,020618557
1958;5;GIURO D'AMARTI COSÌ;NILLA PIZZI;1954;2;0,020618557
1958;6;TIMIDA SERENATA;GLORIA CHRISTIAN;2011;10;0,103092784
1958;7;FRAGOLE E CAPPELLINI;AURELIO FIERRO;2015;5;0,051546392
1958;8;NON POTRAI DIMENTICARE;FRED BUSCAGLIONE;2022;5;0,051546392
1958;9;MILLE VOLTE;MAX GAZZÈ;2015;34;0,350515464
1958;10;FANTASTICA;ROCCO HUNT;2021;51;0,525773196
1959;3;CONOSCERTI;ACHILLE TOGLIANI;2014;5;0,051546392
1959;4;TUA;ELISA;2019;54;0,556701031
1959;5;LÌ PER LÌ;NATALINO OTTO;1953;13;0,134020619
1959;6;SEMPRE CON TE;TOSCA;2024;7;0,072164948
1959;7;AVEVAMO LA STESSA ETÀ;RENZO ARBORE;2009;25;0,257731959
1959;8;NESSUNO;CESARE CREMONINI;2017;56;0,577319588
1959;9;UNA MARCIA IN FA;CLAUDIO VILLA;2008;10;0,103092784
1959;10;UN BACIO SULLA BOCCA;FABRIZIO CESARE;2016;13;0,134020619
1960;3;QUANDO VIEN LA SERA;JOE SENTIERI;2014;32;0,329896907
1960;6;IL MARE;ZUCCHERO;2008;20;0,206185567
1960;7;NOI;MARRACASH;2021;55;0,567010309
1960;8;È VERO;ALESSANDRA AMOROSO;2011;39;0,402061856
1960;9;SPLENDE IL SOLE;ZEROSOSPIRO;2008;41;0,422680412
1960;10;NOTTE MIA;JOHNNY DORELLI;1951;2;0,020618557
1961;3;IL MARE NEL CASSETTO;MILVA;1960;24;0,24742268
1961;4;IO AMO TU AMI;MINA;2004;8;0,082474227
1961;5;LE MILLE BOLLE BLU;MINA;2016;39;0,402061856
1961;6;COME SINFONIA;PINO DONAGGIO;2014;19;0,195876289
1961;7;FEBBRE DI MUSICA;TONINA TORRIELLI;2017;0;0
1961;8;MANDOLINO MANDOLINO;PIERO MONTANARO;2024;0;0
1961;9;CAROLINA DAI;LIVINGSTON TAYLOR;1970;30;0,309278351
1961;10;UN UOMO VIVO;GINO PAOLI;2001;21;0,216494845
1961;11;NON MI DIRE CHI SEI;LUCIANO TAJOLI;1988;8;0,082474227
1961;12;LEI;NEIMA EZZA;2022;67;0,690721649
1962;3;GONDOLÌ GONDOLÀ;FAFF;2022;24;0,24742268
1962;4;QUANDO QUANDO QUANDO;TONY RENIS;2001;53;0,546391753
1962;5;STANOTTE AL LUNA PARK;MILVA;2014;2;0,020618557
1962;6;LUI ANDAVA A CAVALLO;AURELIO FIERRO;1962;2;0,020618557
1962;7;UN'ANIMA LEGGERA;ARTURO TESTA;2012;0;0
1962;8;CIPRIA DI SOLE;JOE SENTIERI;2012;0;0
1962;9;ASPETTANDOTI;NEFFA;1996;50;0,515463918
1962;10;BUONGIORNO AMORE;GIGI FINIZIO;2021;30;0,309278351
1962;12;INVENTIAMO LA VITA;NUNZIO GALLO;2014;0;0
1963;3;GIOVANE GIOVANE;LAÏOUNG;2017;45;0,463917526
1963;4;NON COSTA NIENTE;COR VELENO;2018;19;0,195876289
1963;5;RICORDA;ANTONELLO VENDITTI;2012;46;0,474226804
1963;6;PERDONARSI IN DUE;TONINA TORRIELLI;2014;1;0,010309278
1963;7;OCCHI NERI E CIELO BLU;DANA VALERY;1963;0;0
1963;8;SULL'ACQUA;SERGIO BRUNI;2022;0;0
1963;9;TU VENISTI DAL MARE;ARTURO TESTA;2014;0;0
1963;10;NON SAPEVO;GIANNI LACOMMARE;2013;0;0
1966;3;IN UN FIORE;CHIARA ARDUINI;2024;4;0,041237113
1966;4;UNA CASA IN CIMA AL MONDO;MINA;1966;29;0,298969072
1966;5;UNA ROSA DA VIENNA;ANNA IDENTICI;1994;0;0
1966;6;IO TI DARÒ DI PIÙ;ORIETTA BERTI;2000;38;0,391752577
1966;6;MAI MAI MAI VALENTINA;GIORGIO GABER;2010;40;0,412371134
1966;9;NESSUNO DI VOI;WOW;2014;4;0,041237113
1966;9;SE TU NON FOSSI QUI;MINA;1966;30;0,309278351
1966;9;ADESSO SÌ;LUCIO BATTISTI;1971;20;0,206185567
1966;12;COSÌ COME VIENE;REMO GERMANI;1966;3;0,030927835
1966;13;LA NOTTE DELL'ADDIO;IVA ZANICCHI;1966;29;0,298969072
1966;14;A LA BUENA DE DIOS;LA 25;2018;29;0,298969072
1967;3;PROPOSTA;I GIGANTI;2010;36;0,371134021
1967;4;LA MUSICA È FINITA;MINA;1968;20;0,206185567
1967;5;IO, TU E LE ROSE;ORIETTA BERTI;1998;30;0,309278351
1967;6;BISOGNA SAPER PERDERE;THE ROKES;2017;22;0,226804124
1967;7;DOVE CREDI DI ANDARE;SERGIO ENDRIGO;1968;3;0,030927835
1967;9;L'IMMENSITÀ;JOHNNY DORELLI;1990;39;0,402061856
1967;10;CUORE MATTO;LITTLE TONY;2000;50;0,515463918
1967;11;IO PER AMORE;PINO DONAGGIO;2004;21;0,216494845
1967;11;PER VEDERE QUANT'È GRANDE IL MONDO;WILMA GOICH;2001;2;0,020618557
1967;13;E ALLORA DAI;GIORGIO GABER;2010;28;0,288659794
1967;13;LA RIVOLUZIONE;GIANNI PETTENATI;2015;34;0,350515464
1968;3;CANZONE;LUCIO DALLA;1996;57;0,587628866
1968;4;DEBORAH;ENZO DONG;2019;41;0,422680412
1968;5;LA TRAMONTANA;GIANNI PETTENATI;2015;35;0,360824742
1968;6;QUANDO M'INNAMORO;ANNA IDENTICI;2002;25;0,257731959
1968;7;DA BAMBINO;MASSIMO RANIERI;1984;11;0,113402062
1968;8;SERA;SFERA EBBASTA;2016;68;0,701030928
1968;9;LA SIEPE;FULMINACCI;2024;47;0,484536082
1968;10;UN UOMO PIANGE SOLO PER AMORE;LITTLE TONY;1990;41;0,422680412
1968;11;GLI OCCHI MIEI;DINO;1997;28;0,288659794
1968;12;STANOTTE SENTIRAI UNA CANZONE;LARA SAINT PAUL;2019;1;0,010309278
1968;13;MI VA DI CANTARE;LOUIS ARMSTRONG;2013;31;0,319587629
1968;14;LA VOCE DEL SILENZIO;ANDREA BOCELLI;2007;27;0,278350515
1969;3;UN SORRISO;DON BACKY;2012;10;0,103092784
1969;4;UN'ORA FA;FAUSTO LEALI;1970;38;0,391752577
1969;5;MA CHE FREDDO FA;NADA;1969;60;0,618556701
1969;6;LA PIOGGIA;GIGLIOLA CINQUETTI;1983;34;0,350515464
1969;7;TU SEI BELLA COME SEI;DANDY TURNER;2019;52;0,536082474
1969;8;IL GIOCO DELL'AMORE;DANIJAY;2003;48;0,494845361
1969;9;UN'AVVENTURA;LUCIO BATTISTI;1969;61;0,628865979
1969;10;QUANDO L'AMORE DIVENTA POESIA;IL VOLO;2015;44;0,453608247
1969;11;PICCOLA PICCOLA;GIANNI MARCHETTI;1969;38;0,391752577
1969;12;BADA BAMBINA;LITTLE TONY;2000;32;0,329896907
1969;13;ZUCCHERO;ZUCCHERO;1995;55;0,567010309
1969;14;COSA HAI MESSO NEL CAFFÈ?;MALIKA AYANE;2013;39;0,402061856
1970;3;L'ARCA DI NOÈ;IVA ZANICCHI;2010;28;0,288659794
1970;4;ETERNITÀ;ORNELLA VANONI;2008;32;0,329896907
1970;5;LA SPADA NEL CUORE;LITTLE TONY;1990;42;0,432989691
1970;6;ROMANTICO BLUES;ENGELBERT HUMPERDINCK;2021;36;0,371134021
1970;7;PA' DIGLIELO A MA';NADA;2001;11;0,113402062
1970;8;TIPITIPITÌ;ORIETTA BERTI;1998;8;0,082474227
1970;10;SOLE PIOGGIA E VENTO;PERIGEO;1973;4;0,041237113
1970;11;L'AMORE È UNA COLOMBA;GIANNI NAZZARO;1990;7;0,072164948
1970;12;HIPPY;FAUSTO LEALI;1970;1;0,010309278
1971;3;4 MARZO 1943;LUCIO DALLA;1970;58;0,597938144
1971;4;COM'È DOLCE LA SERA;ROSANNA FRATELLO;2013;6;0,06185567
1971;5;SOTTO LE LENZUOLA;GIGI D'ALESSIO;1997;47;0,484536082
1971;6;COME STAI?;KARMA;2021;19;0,195876289
1971;7;BIANCHI CRISTALLI SERENI;DON BACKY;1996;13;0,134020619
1971;8;13, STORIA D'OGGI;AL BANO;2014;2;0,020618557
1971;9;ROSE NEL BUIO;GIGLIOLA CINQUETTI;2009;2;0,020618557
1971;10;NINNA NANNA (CUORE MIO);DIK DIK;2002;9;0,092783505
1971;11;L'ULTIMO ROMANTICO;PINO DONAGGIO;2013;27;0,278350515
1971;12;LA FOLLE CORSA;LUCIO BATTISTI;2020;20;0,206185567
1971;13;UNA STORIA;EROS RAMAZZOTTI;2014;49;0,505154639
1971;14;IL SORRISO IL PARADISO;CAPITOLO 6;2021;7;0,072164948
1972;3;IL RE DI DENARI;NADA;2001;32;0,329896907
1972;4;VADO A LAVORARE;GIANNI MORANDI;1994;11;0,113402062
1972;5;NON VOGLIO INNAMORARMI MAI;CLAUDIO BAGLIONI;1989;36;0,371134021
1972;6;JESAHEL;DELIRIUM;1971;38;0,391752577
1972;7;MONTAGNE VERDI;MARCELLA BELLA;1972;43;0,443298969
1972;8;PIAZZA GRANDE;LUCIO DALLA;2006;45;0,463917526
1972;9;GIRA L'AMORE (CARO BEBÈ);GIGLIOLA CINQUETTI;2009;16;0,164948454
1972;10;TI VOGLIO;LUCHÈ;2012;51;0,525773196
1972;11;UN DIADEMA DI CILIEGIE;RICCHI E POVERI;2016;10;0,103092784
1972;12;MEDITERRANEO;MANGO;1992;50;0,515463918
1972;13;SE NON FOSSE FRA QUESTE MIE BRACCIA LO INVENTEREI;MAX PEZZALI;2020;45;0,463917526
1972;14;UN CALCIO ALLA CITTÀ;DOMENICO MODUGNO;2013;19;0,195876289
1973;3;DA TROPPO TEMPO;TARLAN GAZENFEROĞLU;2013;32;0,329896907
1973;4;DOLCE FRUTTO;RICCHI E POVERI;2021;26;0,268041237
1973;5;SERENA;SERENA BRANCALE;2022;24;0,24742268
1973;6;TU NELLA MIA VITA;DORI GHEZZI;2000;28;0,288659794
1973;7;L'UOMO CHE SI GIOCA IL CIELO A DADI;ROBERTO VECCHIONI;1973;25;0,257731959
1973;8;LA BANDIERA DI SOLE;FAUSTO LEALI;1973;0;0
1973;9;AMORE MIO;SALVO NICOLOSI;2009;40;0,412371134
1973;10;MI SON CHIESTA TANTE VOLTE;GOUGOUSH;1973;1;0,010309278
1973;11;COME SEI BELLA;MASSIMO DI CATALDO;2001;33;0,340206186
1973;12;TU GIOVANE AMORE MIO;DONATELLO;2002;1;0,010309278
1973;13;IL MONDO È QUI;ENSI;2017;27;0,278350515
1973;14;TRE MINUTI DI RICORDI;MATTEO VENTURI;2016;5;0,051546392
1973;15;STRANIERA STRANIERA;LUCIANO TAJOLI;2007;23;0,237113402
1973;16;UNA CASA GRANDE;CHARLES ANS;2021;37;0,381443299
1974;3;OCCHI ROSSI;COEZ;2022;63;0,649484536
1975;4;UN GRANDE ADDIO;COTTRAU;2015;3;0,030927835
1975;6;COME HUMPHREY BOGART;ZINNIGAS;2022;2;0,020618557
1976;3;VOLO AZ 504;ALBATROS;1976;21;0,216494845
1976;3;GLI OCCHI DI TUA MADRE;SANDRO GIACOBBE;1998;35;0,360824742
1976;5;DUE ANELLI;MATTEO BRANCIAMORE;2012;27;0,278350515
1976;6;SAMBARIÒ;DRUPI;2019;20;0,206185567
1976;7;PIÙ FORTE;PISCIOSANGUE;2020;5;0,051546392
1976;8;LINDA BELLA LINDA;DANIEL SENTACRUZ ENSEMBLE;2007;27;0,278350515
1976;9;L'HO PERSA ANCORA;MEZZOSANGUE;2022;43;0,443298969
1976;11;OMAR;OMAR;1998;17;0,175257732
1976;12;ANDIAMO VIA;SAMUEL MALVASO;2022;29;0,298969072
1976;13;DUE STORIE DEI MUSICANTI;COCCOLE SONORE;2013;20;0,206185567
1976;14;PICCOLA DONNA ADDIO;ERMAL META;2017;57;0,587628866
1976;15;SIGNORA TU;LOREDANA BERTÈ;2006;46;0,474226804
1976;15;QUANDO C'ERA IL MARE;SERGIO ENDRIGO;2012;0;0
1976;17;CERCATI UN'ANIMA;RENATO ZERO;2010;57;0,587628866
1978;3;GIANNA;RINO GAETANO;1978;62;0,639175258
1978;4;IL BUIO E TU;EROS RAMAZZOTTI;2003;36;0,371134021
1978;5;TU SOLA;RADICANTO;2022;1;0,010309278
1978;6;ARMONIA E POESIA;SANTINO ROCCHETTI;1996;4;0,041237113
1978;7;IL MIO AMORE;GIANNA SPAGNULO;2001;26;0,268041237
1978;8;DOMANI DOMANI;LAURA LUCA;1997;28;0,288659794
1978;9;1/2 NOTTE;GINO BALERINO E LA SUA ORCHESTRA;2021;0;0
1979;3;QUELL'ATTIMO IN PIÙ;I CAMALEONTI;2012;7;0,072164948
1979;4;LA GENTE PARLA;COLLAGE;2012;26;0,268041237
1979;5;SARÀ UN FIORE;SARA E MATTEO;1990;37;0,381443299
1979;6;A ME MI PIACE VIVERE ALLA GRANDE;GIANGILBERTO MONTI;2009;14;0,144329897
1979;7;NEW YORK;JAY-Z;2009;86;0,886597938
1979;8;C'ERA UN'ATMOSFERA;ADRIANO TOLOMEO;1992;0;0
1979;9;BIMBA MIA;FRANCO CALIFANO;2008;17;0,175257732
1979;10;TU FAI SCHIFO SEMPRE;I PANDEMONIUM;1997;23;0,237113402
1979;11;NOCCIOLINO;I SANREMINI;2014;0;0
1980;3;SU DI NOI;PUPO;2005;59;0,608247423
1981;3;TU COSA FAI STASERA?;DARIO BALDAN BEMBO;1984;30;0,309278351
1981;4;ROMA SPOGLIATA;LUCA BARBAROSSA;2011;44;0,453608247
1981;5;SARÀ PERCHÉ TI AMO;RICCHI E POVERI;1998;74;0,762886598
1981;6;HOP HOP SOMARELLO;MASSIMO;1981;24;0,24742268
1981;7;MA CHI TE LO FA FARE;MASSIMO;1981;6;0,06185567
1981;8;SU QUEL PIANETA LIBERO;MICHELE ZARRILLO;1997;32;0,329896907
1981;9;PENSA PER TE;ANNA OXA;1988;58;0,597938144
1981;10;MIDNIGHT;M83;2011;80;0,824742268
1982;3;SOLI;CLUB DOGO;2024;73;0,75257732
1982;4;SOLO GRAZIE;GIUSEPPE CIONFOLI;2008;32;0,329896907
1982;5;UN'ALTRA VITA UN ALTRO AMORE;CHRISTIAN;2008;12;0,12371134
1982;6;BEGUINE;GIUSEPPE BRUNI;2022;40;0,412371134
1983;3;MARGHERITA NON LO SA;SANDRA;2014;11;0,113402062
1983;4;VACANZE ROMANE;MATIA BAZAR;1983;50;0,515463918
1983;5;L'ITALIANO;TOTO CUTUGNO;1983;71;0,731958763
1983;6;ORAMAI;FIORDALISO;2001;19;0,195876289
1983;7;COMPLIMENTI;FRANCESCO D'ALEO;2021;35;0,360824742
1983;8;LA MIA NEMICA AMATISSIMA;GIANNI MORANDI;2002;13;0,134020619
1983;9;WORKING LATE TONIGHT;DENNIS KUO;2018;5;0,051546392
1983;10;È LA VITA;ALDO TAGLIAPIETRA;2017;2;0,020618557
1983;12;AVRÒ;SANDRA;2014;1;0,010309278
1983;13;CASCO BLU;AMORE MIO;2005;9;0,092783505
1983;15;AMARE TE;COEZ;2019;71;0,731958763
1983;16;PRIMAVERA;ANTONIO VIVALDI;1994;46;0,474226804
1983;17;ABBRACCIAMI AMORE MIO;FIGLI DEL DIVINO AMORE;1995;22;0,226804124
1983;18;UNA CATASTROFE BIONDA;FRANCESCO D'ALEO;2018;50;0,515463918
1983;21;MI SONO INNAMORATO DI MIA MOGLIE;GIANNI NAZZARO;1996;32;0,329896907
1983;22;NOTTE E GIORNO;DREFGOLD;2020;26;0,268041237
1983;23;MOVIE STAR;CIX;2019;61;0,628865979
1983;24;ARRIVA ARRIVA;MARRACASH;2008;30;0,309278351
1983;25;VITA SPERICOLATA;VASCO ROSSI;1983;60;0,618556701
1983;26;CIELI AZZURRI;PUPO;2014;34;0,350515464
1984;3;CARA;GHALI;2018;57;0,587628866
1984;4;UN AMORE GRANDE;PUPO;2005;45;0,463917526
1984;5;NON VOGLIO MICA LA LUNA;FIORDALISO;1983;55;0,567010309
1984;6;NINA;NINA ZILLI;2012;45;0,463917526
1984;7;NON SCENDO;ANNA OXA;2013;19;0,195876289
1984;8;REGALAMI UN SORRISO;NICCOLÒ MORICONI;2013;36;0,371134021
1984;9;CHI (MI DARÀ);TY DOLLA $IGN;2015;59;0,608247423
1984;10;PER UNA BAMBOLA;PATTY PRAVO;1984;20;0,206185567
1984;11;ANNI RUGGENTI;GRUPPO ITALIANO;2002;21;0,216494845
1984;12;ANCORA TI VORREI;FRANCO D'AMORE;2022;8;0,082474227
1984;13;LIBERA;LIBERATO;2019;65;0,670103093
1984;14;COME SI CAMBIA;FIORELLA MANNOIA;2013;38;0,391752577
1984;15;AMORE AMORE;LUIGI TENCO;1966;34;0,350515464
1984;16;LA BOTTEGA DEL CAFFÈ;ALBERTO CAMERINI;1998;19;0,195876289
1984;17;SERENA ALIENAZIONE;TONINO;2014;0;0
1984;18;RADIOCLIMA;GARBO;2007;4;0,041237113
1984;19;NUOVO SWING;ENRICO RUGGERI;1987;30;0,309278351
1984;20;ALLO STADIO;STADIO;1984;39;0,402061856
1985;3;CHIAMALO AMORE;GIGLIOLA CINQUETTI;1996;19;0,195876289
1985;4;SULLA BUONA STRADA;RICCARDO FOGLI;2006;27;0,278350515
1985;5;NOTTE SERENA;SPANISH GUITAR LOUNGE MUSIC;2024;10;0,103092784
1985;6;UNA STORIA IMPORTANTE;EROS RAMAZZOTTI;2014;49;0,505154639
1985;7;A LEI;≈ BELIZE ≈;2018;12;0,12371134
1985;8;IL MIO ANGELO;FIORDALISO;2001;23;0,237113402
1985;9;E MO' E MO';PEPPINO DI CAPRI;2013;36;0,371134021
1985;10;SOUVENIR;SELENA GOMEZ;2020;71;0,731958763
1985;11;TU DIMMI UN CUORE CE L'HAI;MARCO ARMANI;1985;36;0,371134021
1985;12;FAMMI VOLARE;FRANCHINO;2022;30;0,309278351
1985;13;RITRATTO;PAPIK;2019;19;0,195876289
1985;14;VIA CON ME;PAOLO CONTE;2014;43;0,443298969
1985;15;GRANDE JOE;MARIAH CAREY;2020;70;0,721649485
1985;17;FRANCA TI AMO;IVAN GRAZIANI;2010;19;0,195876289
1985;18;VORREI SVEGLIARTI;EUGENIO FINARDI;1985;10;0,103092784
1985;19;BUONA FORTUNA;BENJI & FEDE;2018;45;0,463917526
1985;20;FACCIA DI CANE;NEW TROLLS;2012;20;0,206185567
1985;21;DONNE;ZUCCHERO;1985;57;0,587628866
1985;22;COSE VELOCI;JONATHAN RICHMAN;2004;30;0,309278351
1986;3;SENZA UN BRICIOLO DI TESTA;MARCELLA BELLA;1993;32;0,329896907
1986;4;AZZURRA MALINCONIA;TOTO CUTUGNO;1986;29;0,298969072
1986;5;È TUTTO UN ATTIMO;ANNA OXA;1986;49;0,505154639
1986;6;FUTURO;PSICOLOGI;2019;53;0,546391753
1986;7;VAI;OZUNA;2018;78;0,804123711
1986;8;CANTARE;MANNARINO;2021;47;0,484536082
1986;10;FATTI MIEI;ENZO AVITABILE;2022;28;0,288659794
1986;11;UNO SULL'ALTRO;MARCO ARMANI;1994;16;0,164948454
1986;12;CANZONE ITALIANA;TRATTORIA ITALIANA;2020;37;0,381443299
1986;13;AMORE STELLA;DONATELLA RETTORE;2001;25;0,257731959
1986;14;LEI VERRÀ;MANGO;1986;52;0,536082474
1986;16;NO EAST, NO WEST;KOOL & THE GANG;1972;30;0,309278351
1986;17;RIEN NE VA PLUS;ENRICO RUGGERI;1986;19;0,195876289
1986;18;VIA MARGUTTA;LUCA BARBAROSSA;2011;48;0,494845361
1986;19;VERSO IL 2000;FLAVIA FORTUNATO;2014;22;0,226804124
1986;20;BRIVIDI;MAHMOOD;2022;65;0,670103093
1986;21;CANZONE TRISTE;ZUCCHERO;1986;43;0,443298969
1986;22;CANZONI ALLA RADIO;STADIO;1986;29;0,298969072
1987;3;NOSTALGIA CANAGLIA;AL BANO;2007;42;0,432989691
1987;4;IO AMO;FAUSTO LEALI;1993;31;0,319587629
1987;5;IL SOGNATORE;PEPPINO DI CAPRI;2013;41;0,422680412
1987;6;TANTI AUGURI;CHORUS FRIENDS;2012;42;0,432989691
1987;8;QUELLO CHE LE DONNE NON DICONO;FIORELLA MANNOIA;1988;56;0,577319588
1987;9;COME DENTRO UN FILM;LUCA BARBAROSSA;2011;43;0,443298969
1987;10;ARIA E MUSICA;MÚSICA DE MESA PARA SENTIRSE BIEN DURANTE LA CENA;2024;0;0
1987;11;VITA MIA;AMEDEO MINGHI;2014;37;0,381443299
1987;13;CANTO PER TE;DJ HERZBEAT;2020;37;0,381443299
1987;14;E NON SI FINISCE MAI;IL LABORATORIO DEL RITMO;2020;0;0
1987;15;L'ODORE DEL MARE;TIROMANCINO;2021;38;0,391752577
1987;16;BELLA ETÀ;MARCELLO VADORI;2018;0;0
1987;17;DIMMI CHE COS'È;PUPO;1995;20;0,206185567
1987;18;DAL CUORE IN POI;MANGO;1987;12;0,12371134
1987;19;SINUÈ;TONY ESPOSITO;1997;14;0,144329897
1987;20;PIGRAMENTE SIGNORA;PATTY PRAVO;1988;6;0,06185567
1987;21;IL GARIBALDI INNAMORATO;SERGIO CAPUTO;1987;35;0,360824742
1987;22;MADONNA DI VENERE;MARIO CASTELNUOVO;2003;3;0,030927835
1987;23;ROSANNA;ROSANNA FRATELLO;1999;44;0,453608247
1987;24;BOLERO;LONDON SYMPHONY ORCHESTRA;1995;51;0,525773196
1988;3;L'AMORE RUBATO;LUCA BARBAROSSA;1988;36;0,371134021
1988;4;DOPO LA TEMPESTA;MARCELLA BELLA;1988;38;0,391752577
1988;5;MI MANCHI;PAKY;2022;62;0,639175258
1988;7;QUANDO NASCE UN AMORE;ANNA OXA;1988;58;0,597938144
1988;8;PER NOI;AMEDEO MINGHI;2014;22;0,226804124
1988;9;NASCERÀ GESÙ;FRANCESCO RINALDI;2007;2;0,020618557
1988;10;LE NOTTI DI MAGGIO;FIORELLA MANNOIA;2014;33;0,340206186
1988;11;INEVITABILE FOLLIA;RAF;1988;43;0,443298969
1988;12;SARÀ PER TE;FRANCESCO NUTI;1989;39;0,402061856
1988;13;IO (PER LE STRADE DI QUARTIERE);FRANCO CALIFANO;2016;26;0,268041237
1988;14;NELLA VALLE DEI TIMBALES;FAUSTO PAPETTI;1997;0;0
1988;15;COME UN GIORNO DI SOLE;ENRICO GERLI;2016;1;0,010309278
1988;18;ANDAMENTO LENTO;TULLIO DE PISCOPO;1998;43;0,443298969
1988;19;LA PRIMA STELLA DELLA SERA;MATIA BAZAR;2011;17;0,175257732
1988;20;ERA BELLA DAVVERO;DRUPI;2019;33;0,340206186
1988;21;IL MONDO AVRÀ UNA GRANDE ANIMA;RON;2013;7;0,072164948
1988;23;CIELO CHIARO;NEW CREDO;1991;8;0,082474227
1988;24;MA CHE IDEA;KING ITAL REBEL;2015;32;0,329896907
1988;25;LE TUE CHIAVI NON HO;FAUSTO PAPETTI;1997;0;0
1988;26;COME PER MIRACOLO;ENNIO MORRICONE;1974;14;0,144329897
1989;3;CARA TERRA MIA;AL BANO;2007;21;0,216494845
1989;4;NON FINISCE COSÌ;RICCARDO FOGLI;1997;18;0,18556701
1989;5;VASCO;VASCO ROSSI;2016;59;0,608247423
1989;6;SE NON AVESSI TE;UMBERTO TOZZI;1987;42;0,432989691
1989;7;ESATTO!;DAYFEL PERDOMO;2019;0;0
1989;8;CHI VOGLIO SEI TU;RICCHI E POVERI;2004;18;0,18556701
1989;9;ALMENO TU NELL'UNIVERSO;MIA MARTINI;2011;56;0,577319588
1989;10;IO COME FARÒ;ORNELLA VANONI;1989;14;0,144329897
1989;11;IL MIO PIANOFORTE;FRANCESCO BACCINI;1990;38;0,391752577
1989;12;IL BABÀ È UNA COSA SERIA;EMANUELE ALOIA;2021;63;0,649484536
1989;13;QUESTA VOLTA NO;RAPHAEL GUALAZZI;2020;17;0,175257732
1989;14;NA CANZUNCELLA DOCE DOCE;SAL DA VINCI;2009;26;0,268041237
1989;15;COSA RESTERÀ DEGLI ANNI '80;RAF;1989;53;0,546391753
1989;16;IL CUORE DELLE DONNE;ORCHESTRA MATTEO TASSI;2007;0;0
1989;17;SE ME LO DICEVI PRIMA;ENZO JANNACCI;1997;34;0,350515464
1989;19;A CHE SERVONO GLI DEI;ROSSANA CASALE;1989;16;0,164948454
1989;20;E ALLORA E ALLORA;VINICIO CAPOSSELA;2003;40;0,412371134
1989;21;COME MI VUOI;EDUARDO DE CRESCENZO;1989;31;0,319587629
1989;22;SCUSA;GAZZELLE;2021;57;0,587628866
1989;23;LA FINE DEL MONDO;ANASTASIO;2018;35;0,360824742
1989;24;RIFARSI UNA VITA;SERGIO CAPUTO;2024;0;0
1990;3;VATTENE AMORE;MIETTA;1990;57;0,587628866
1990;4;DONNA CON TE;ANNA OXA;1990;42;0,432989691
1990;5;VERSO L'IGNOTO;GIANNI BELLA;1990;28;0,288659794
1990;6;LA NEVICATA DEL '56;MIA MARTINI;2012;35;0,360824742
1990;7;TU... SÌ;ANGELO FAMAO;2018;65;0,670103093
1990;8;A;YUNG PIPS;2022;48;0,494845361
1990;9;BISOGNEREBBE NON PENSARE CHE A TE;CATERINA CASELLI;1990;16;0,164948454
1990;10;MA QUALE AMORE;EDUARDO DE CRESCENZO;2017;24;0,24742268
1990;11;IO VORREI;LUCIO BATTISTI;1972;56;0,577319588
1990;12;RINGRAZIO DIO;PAOLA TURCI;2013;14;0,144329897
1990;13;SONO FELICE;BLUE VIRUS;2017;23;0,237113402
1990;14;IO E MIO PADRE;GRAZIA DI MICHELE;2016;12;0,12371134
1990;15;EVVIVA MARIA;PEPPINO DI CAPRI;2013;25;0,257731959
1990;16;NOVECENTO AUFWIEDERSEHEN;EUGENIO BENNATO;2010;2;0,020618557
1990;18;AMORI;RENATO ZERO;1982;20;0,206185567
1990;19;VORREI;J-AX;2017;55;0,567010309
1991;3;PERCHÉ LO FAI;MARCO MASINI;1991;42;0,432989691
1991;4;GLI ALTRI SIAMO NOI;UMBERTO TOZZI;1991;46;0,474226804
1991;5;SPUNTA LA LUNA DAL MONTE;PIERANGELO BERTOLI;1995;47;0,484536082
1991;6;NENÉ;FRANCESCO GUCCINI;2015;6;0,06185567
1991;7;DUBBI NO;PINO DANIELE;2019;38;0,391752577
1991;8;OGGI SPOSI;AL BANO;2017;15;0,154639175
1991;9;IO TI PREGO DI ASCOLTARE;RICCARDO FOGLI;2008;16;0,164948454
1991;10;OGGI UN DIO NON HO;RAF;1991;38;0,391752577
1991;11;LA FOTOGRAFIA;ENZO JANNACCI;2006;32;0,329896907
1991;12;IL MARE PIÙ GRANDE CHE C'È (I LOVE YOU MAN);FIORDALISO;2004;32;0,329896907
1991;13;SIAMO DONNE;SABRINA;2015;29;0,298969072
1991;14;SBATTI BEN SU DEL BE BOP;STUDIO SOUND GROUP;2011;0;0
1991;15;E LA MUSICA VA;EDUARDO DE CRESCENZO;1990;32;0,329896907
1991;16;SE IO FOSSI UN UOMO;GRAZIA DI MICHELE;2024;0;0
1991;17;TERRA;EROS RAMAZZOTTI;2014;52;0,536082474
1991;18;IN QUESTA CITTÀ;MAX PEZZALI;2020;38;0,391752577
1991;19;LA FILA DEGLI OLEANDRI;GIANNI BELLA;1995;18;0,18556701
1991;20;GLI UOMINI;MIA MARTINI;1992;54;0,556701031
1992;3;LA FORZA DELLA VITA;PAOLO VALLESI;1992;44;0,453608247
1992;4;ITALIA D'ORO;PIERANGELO BERTOLI;2013;40;0,412371134
1992;5;TI PENSO;ADRIANO CELENTANO;2019;42;0,432989691
1992;6;PICCOLI GIGANTI;RADICAL;2019;29;0,298969072
1992;7;PER NIENTE AL MONDO;PIETRO GALASSI;2017;8;0,082474227
1992;8;PITZINNOS IN SA GHERRA;TAZENDA;2007;33;0,340206186
1992;9;PERCHÉ;VALE LAMBO;2018;51;0,525773196
1992;10;IN UNA NOTTE COSÌ;RICCARDO FOGLI;2010;5;0,051546392
1992;11;STRADE DI ROMA;MICHELE ZARRILLO;1997;32;0,329896907
1992;12;MENDICANTE;FRANCO STACO;2018;9;0,092783505
1992;13;UN UOMO IN PIÙ;PINO DANIELE;1991;21;0,216494845
1992;14;FAVOLA BLUES;PEPPINO DI CAPRI;2013;26;0,268041237
1992;15;QUELLI COME NOI;TANANAI;2022;53;0,546391753
1993;1;MISTERO;ENRICO RUGGERI;1993;40;0,412371134
1993;3;GLI AMORI DIVERSI;GRAZIA DI MICHELE;2024;0;0
1993;4;DEDICATO A TE;IRAMA;2020;46;0,474226804
1993;5;AVE MARIA;HANNAH HOLGERSSON;2012;47;0,484536082
1993;6;FIGLI DI CHI;MIETTA;2024;0;0
1993;7;STATO DI CALMA APPARENTE;PAOLA TURCI;2006;38;0,391752577
1993;8;NON SO PIÙ A CHI CREDERE;BIAGIO ANTONACCI;1993;24;0,24742268
1993;9;NOTTE BELLA, MAGNIFICA;AMEDEO MINGHI;2013;27;0,278350515
1993;10;UN ANNO DI NOI;LUCIO BATTISTI;1977;27;0,278350515
1993;11;SOGNO;FRANCO SIMONE;2017;36;0,371134021
1993;12;L'ITALIA È BELLA;ABAN;2008;25;0,257731959
1993;13;QUI GATTA CI COVA;TULLIO DE PISCOPO;2015;6;0,06185567
1993;14;STIAMO COME STIAMO;LOREDANA BERTÈ;2016;31;0,319587629
1993;15;UNA CANZONE D'AMORE;VASCO ROSSI;2020;54;0,556701031
1994;1;PASSERÀ;NAYT;2021;48;0,494845361
1994;3;STRANI AMORI;LAURA PAUSINI;1994;47;0,484536082
1994;4;NON È UN FILM;ARTICOLO 31;2002;45;0,463917526
1994;5;CINQUE GIORNI;MICHELE ZARRILLO;1994;56;0,577319588
1994;6;I SOLITI ACCORDI;ENZO JANNACCI;2011;30;0,309278351
1994;7;MALEDETTE MALELINGUE;IVAN GRAZIANI;1989;40;0,412371134
1994;8;AMARE AMARE;GIGI FINIZIO;2005;56;0,577319588
1994;9;ESSER DURI;MARCO ARMANI;1994;2;0,020618557
1994;10;DI NOTTE SPECIALMENTE;DONATELLA RETTORE;1994;37;0,381443299
1994;11;TERRA MIA;FABRIZIO CESARE;2021;8;0,082474227
1994;12;LA CASA DELL'IMPERATORE;FORMULA 3;1996;6;0,06185567
1994;13;AMICI NON NE HO;LOREDANA BERTÈ;2016;33;0,340206186
1994;14;CRESCERAI;NOMADI;1992;30;0,309278351
1994;16;OPPURE NO;PATRIZIA LAQUIDARA;2007;6;0,06185567
1994;17;SE MI AMI...;MINACELENTANO;2016;35;0,360824742
1994;18;L'ASCENSORE;ADRIANO CELENTANO;1986;34;0,350515464
1994;19;UNA VECCHIA CANZONE ITALIANA;SQUADRA ITALIA;2015;24;0,24742268
1995;3;GENTE COME NOI;IVANA SPAGNA;2007;41;0,422680412
1995;4;CON TE PARTIRÒ;ANDREA BOCELLI;1995;50;0,515463918
1995;5;FINALMENTE TU;883;1998;54;0,556701031
1995;6;BISOGNO D'AMORE;SUD SOUND SYSTEM;2010;33;0,340206186
1995;7;RIVOGLIO LA MIA VITA;LIGHEA;2012;23;0,237113402
1995;8;SENZA AVERTI QUI;883;1995;45;0,463917526
1995;9;PIÙ DI COSÌ;GEMITAIZ;2020;40;0,412371134
1995;10;UN ALTRO AMORE NO;LORELLA CUCCARINI;1995;28;0,288659794
1995;11;DOVE VAI...;CHIELLO;2022;36;0,371134021
1995;12;L'ASSURDO MESTIERE;GIORGIO FALETTI;2012;14;0,144329897
1995;13;MA CHE NE SAI... (...SE NON HAI FATTO IL PIANO-BAR);GIGI PROIETTI;2009;33;0,340206186
1995;14;GIOVANE VECCHIO CUORE;GIGLIOLA CINQUETTI;1995;7;0,072164948
1995;15;LA VESTAGLIA;MASSIMO RANIERI;2000;25;0,257731959
1995;16;VOGLIO UNA DONNA;ROBERTO VECCHIONI;1992;39;0,402061856
1995;17;VOGLIO ANDARE A VIVERE IN CAMPAGNA;FRANKIE CIMINO;2019;38;0,391752577
1995;19;ANGELI & ANGELI;ELISA;2022;45;0,463917526
1995;20;I GIORNI DELL'ARMONIA;PATTY PRAVO;2013;6;0,06185567
1996;3;STRANO IL MIO DESTINO;GIORGIA;2002;36;0,371134021
1996;4;E IO PENSO A TE;IVANA SPAGNA;1996;30;0,309278351
1996;5;MAI PIÙ SOLA;NERI PER CASO;2009;32;0,329896907
1996;6;SE ADESSO TE NE VAI;MASSIMO DI CATALDO;2001;45;0,463917526
1996;7;È LA MIA VITA;LIGABUE;2002;56;0,577319588
1996;8;SOLI AL BAR;GEORGE FRIDERIC HANDEL;2024;7;0,072164948
1996;9;CANTARE È D'AMORE;AMEDEO MINGHI;2013;50;0,515463918
1996;10;VOLO COSÌ;PAOLA TURCI;2003;17;0,175257732
1996;11;L'ELEFANTE E LA FARFALLA;MICHELE ZARRILLO;1996;46;0,474226804
1996;12;IL RAGAZZO CON LA CHITARRA;LUCA BARBAROSSA;1997;2;0,020618557
1996;13;SULLA PORTA;4TU;2020;16;0,164948454
1996;14;UNA VITA MIGLIORE;METAL CARTER;2016;6;0,06185567
1996;15;L'AMORE È UN ATTIMO;MASSIMO RANIERI;2016;23;0,237113402
1996;16;SARÒ;MODÀ;2008;42;0,432989691
1996;17;SOLO LEI;GIGI FINIZIO;2017;14;0,144329897
1996;19;ROMANZO;EMIS KILLA;2010;31;0,319587629
1996;20;LETTI;MAURIZIO FILARDO;2017;1;0,010309278
1997;3;SEI TU;ANDREW UNDERBERG;2024;61;0,628865979
1997;4;A CASA DI LUCA;SILVIA SALEMI;2015;45;0,463917526
1997;5;NON AMI CHE TE;FAUSTO LEALI;2010;11;0,113402062
1997;7;LAURA NON C'È;NEK;1997;61;0,628865979
1997;8;...E DIMMI CHE NON VUOI MORIRE;PATTY PRAVO;2001;49;0,505154639
1997;9;TI PARLERÒ D'AMORE;MASSIMO RANIERI;1997;26;0,268041237
1997;10;NEL RESPIRO PIÙ GRANDE;TOSCA;1997;7;0,072164948
1997;11;SENZA TÙ;FRANCESCO BACCINI;2024;0;0
1997;12;È ANDATA COSÌ;AIDEN;2020;39;0,402061856
1997;13;DENTRO ME;J-AX;2011;25;0,257731959
1997;14;VERSO IL SOLE;THE DINING ROOMS;2001;26;0,268041237
1997;15;QUELLO CHE SENTO;CARMEN CONSOLI;1996;28;0,288659794
1997;16;PAPA NERO;PITURA FRESKA;2012;8;0,082474227
1997;17;FACCIA PULITA;CLAUDIO BAGLIONI;1972;30;0,309278351
1997;19;ALIANTI LIBERI;GRETA;2010;4;0,041237113
1998;3;SEMPRE;CARL BRAVE X FRANCO126;2018;66;0,680412371
1998;4;SOLO COME ME;SOLO COMPAS;1999;19;0,195876289
1998;5;PATHOS;JAMES HEATHER;2017;44;0,453608247
1998;6;LUCE;ELISA;2001;52;0,536082474
1998;8;LASCIARSI UN GIORNO A ROMA;NICCOLÒ FABI;1998;47;0,484536082
1998;9;UN PORTO NEL VENTO;RON;1998;3;0,030927835
1998;10;CANTO PER TE;DJ HERZBEAT;2020;37;0,381443299
1998;11;SEI TU O LEI (QUELLO CHE VOGLIO);ALEX BARONI;1998;35;0,360824742
1998;12;E CHE MAI SARÀ;IVANA SPAGNA;2004;16;0,164948454
1998;13;DORMI E SOGNA;AVION TRAVEL;1997;25;0,257731959
1998;14;FLAMINGO;KENSHI YONEZU;2020;64;0,659793814
1998;15;SOTTO IL VELO DEL CIELO;NUOVA COMPAGNIA DI CANTO POPOLARE;2004;9;0,092783505
1998;16;PER TE;JOVANOTTI;1999;53;0,546391753
1998;17;QUANDO UN MUSICISTA RIDE;ENZO JANNACCI;2013;24;0,24742268
1999;4;ALBERI;ORNELLA VANONI;2019;30;0,309278351
1999;5;LO ZAINO;ENRICO BRIZZI;2006;0;0
1999;6;ANCORA IN VOLO;RABBIOSA;2024;1;0,010309278
1999;7;UN INVERNO DA BACIARE;MARINA REI;2008;21;0,216494845
1999;8;SENZA GIACCA E CRAVATTA;NINO D'ANGELO;1999;50;0,515463918
1999;10;GUARDAMI NEGLI OCCHI;NADA;2008;31;0,319587629
1999;11;AMAMI LARA;EUGENIO FINARDI;1998;6;0,06185567
1999;12;DOVE DOV'È;CLAUDIO BAGLIONI;1990;27;0,278350515
1999;13;IL GIORNO PERFETTO;GIANLUCA GRIGNANI;1999;27;0,278350515
1999;14;COME SEI BELLA;MASSIMO DI CATALDO;2001;33;0,340206186
2000;4;IL TIMIDO UBRIACO;MAX GAZZÈ;2000;42;0,432989691
2000;5;REPLAY;IYAZ;2009;80;0,824742268
2000;6;GECHI E VAMPIRI;GERARDINA TROVATO;2014;39;0,402061856
2000;7;IN BIANCO E NERO;CARMEN CONSOLI;2000;35;0,360824742
2000;8;BRIVIDO CALDO;MATIA BAZAR;2000;29;0,298969072
2000;9;IL GIORNO DELL'INDIPENDENZA;ALICE;2000;5;0,051546392
2000;10;NON DIRGLI MAI;GIGI D'ALESSIO;1999;57;0,587628866
2000;11;TUTTI I MIEI SBAGLI;SUBSONICA;2000;53;0,546391753
2000;12;CON IL TUO NOME;RIPE;2024;12;0,12371134
2000;13;FARE L'AMORE;MIETTA;2000;34;0,350515464
2000;14;FUTURO COME TE;AMEDEO MINGHI;2014;22;0,226804124
2000;15;RACCONTAMI DI TE;MARCO MASINI;2000;36;0,371134021
2000;16;UN'ALTRA VITA;ELODIE;2016;38;0,391752577
2001;3;QUESTA NOSTRA GRANDE STORIA D'AMORE;MATIA BAZAR;2015;19;0,195876289
2001;4;L'ACROBATA;MICHELE ZARRILLO;2001;36;0,371134021
2001;5;SALUTO L'INVERNO;PAOLA TURCI;2007;25;0,257731959
2001;6;ANCHE TU;RAF;1991;39;0,402061856
2001;7;SONO CONTENTO;ALEX BRITTI;2000;26;0,268041237
2001;8;TU CHE NE SAI;GIGI D'ALESSIO;2017;44;0,453608247
2001;9;CIAO NINÌN;FABIO CONCATO;2001;22;0,226804124
2001;10;L'ETERNO MOVIMENTO;ALTA MAREA;2010;0;0
2001;11;PIOVERÀ (HABIBI ENÉ);RICKY RICH;2021;73;0,75257732
2001;13;FANTASTICAMENTEAMORE;SYRIA;2000;17;0,175257732
2001;14;MEZZE VERITÀ;SOTTOTONO;2016;27;0,278350515
2001;15;BENTIVOGLIO ANGELINA (KON TUTTO IL MIO AMARO);QUINTORIGO;2001;22;0,226804124
2001;16;L'ASSENZIO (THE POWER OF NOTHING);BLUVERTIGO;2001;35;0,360824742
2002;3;UN ALTRO AMORE;GINO PAOLI;2018;32;0,329896907
2002;4;ORA CHE HO BISOGNO DI TE;FAUSTO LEALI, LUISA CORNA;2013;19;0,195876289
2002;6;IL CUORE MIO;MARIELLA NAVA;2017;22;0,226804124
2002;7;AMARTI SÌ;JR;2015;46;0,474226804
2002;8;TRACCE DI TE;LUIGI STRANGIS;2022;40;0,412371134
2002;9;ACCIDENTI A TE;FRANCO126;2021;34;0,350515464
2002;10;OGNI GIORNO DI PIÙ;GIANLUCA CAPOZZI;2000;24;0,24742268
2002;11;GLI ANGELI;VASCO ROSSI;1996;53;0,546391753
2002;12;LACRIME DALLA LUNA;GIANLUCA GRIGNANI;2002;32;0,329896907
2002;13;DEL PERDUTO AMORE;FABRIZIO DE ANDRÉ;2000;50;0,515463918
2002;14;SALIRÒ;DANIELE SILVESTRI;2002;56;0,577319588
2002;15;MARÌ;NINO D'ANGELO;2010;33;0,340206186
2002;16;L'IMMENSO;AMEDEO MINGHI;2016;31;0,319587629
2002;17;DIMMI CHE MI AMI;NADA;1998;34;0,350515464
2002;19;BATTE FORTE;LOLLIPOP;2002;27;0,278350515
2002;20;CASA MIA;NOYZ NARCOS;2018;53;0,546391753
2003;3;TUTTO QUELLO CHE UN UOMO;SERGIO CAMMARIERE;2002;52;0,536082474
2003;5;L'AMORE È;MARCO MENGONI;2019;47;0,484536082
2003;6;OCEANO;ANA NÓBREGA;2015;62;0,639175258
2003;7;MORIRÒ D'AMORE;JOVANOTTI;2002;31;0,319587629
2003;8;NEL CUORE DELLE DONNE;SILVIA SALEMI;2003;12;0,12371134
2003;9;DI UN AMORE;ALEX BARONI;2002;46;0,474226804
2003;10;FORTUNA;CREEDENCE CLEARWATER REVIVAL;1969;88;0,907216495
2003;11;'A STORIA 'E NISCIUNO;NINO D'ANGELO;2010;37;0,381443299
2003;12;UN GIORNO NUOVO;SICK TAMBURO;2017;38;0,391752577
2003;13;ERI TU;FILIPPO MALATESTA;2020;25;0,257731959
2003;14;CAMBIERÒ;ROSARIO MIRAGGIO;2010;14;0,144329897
2003;15;QUELLI CHE NON HANNO ETÀ;EIFFEL 65;2005;42;0,432989691
2003;16;NON SI CRESCE MAI;LITTLE TONY;2012;28;0,288659794
2003;17;VOLERE VOLARE;AGIEMME;1981;21;0,216494845
2003;18;TONIGHT;JOHN LEGEND;2012;64;0,659793814
2003;19;SARÀ UNA CANZONE;AMEDEO MINGHI;2013;29;0,298969072
2003;20;FOSSI UN TANGO;IVA ZANICCHI;2003;11;0,113402062
2004;3;ARIA, SOLE, TERRA E MARE;LINDA VALORI;2005;12;0,12371134
2004;4;GUARDAMI NEGLI OCCHI (PREGO);PAOLO MENEGUZZI;1990;27;0,278350515
2004;5;GUARDASTELLE;BUNGARO;2004;33;0,340206186
2004;6;QUANDO L'ARIA MI SFIORA;ALTA MAREA;2010;0;0
2004;7;GENERALE KAMIKAZE;STEFANO PICCHI;2005;11;0,113402062
2004;8;CUORE;NOISYS;2020;54;0,556701031
2004;9;LE ORE PICCOLE;NEFFA;2004;43;0,443298969
2004;10;CRUDELE;MARIO VENUTI;2003;41;0,422680412
2004;11;ERA BELLISSIMO;DJ FRANCESCO;2015;23;0,237113402
2004;12;È STATO TANTO TEMPO FA;SIMONE TOMASSINI;2004;32;0,329896907
2004;13;BASTERÀ;MARTA FALCONE;2021;2;0,020618557
2004;14;È LA MUSICA;EDUARDO DE CRESCENZO;1990;32;0,329896907
2004;15;LAVORO INUTILE;OMAR PEDRINI;2016;11;0,113402062
2004;16;SEI UN MIRACOLO;DANIELE GROFF;2004;34;0,350515464
2004;17;NESSUN CONSIGLIO;ALTA MAREA;2010;0;0
2004;18;UN ANGELO LEGATO A UN PALO;ALTA MAREA;2010;0;0
2004;19;IL NOSTRO AMORE;LAURA PAUSINI;2015;38;0,391752577
2004;20;SINGLE;BEYONCÉ;2008;72;0,742268041
2004;21;SOLO UN SOGNO;MONDO MARCIO;2006;24;0,24742268
2004;22;LADRO DI TE;PIOTTA;2004;24;0,24742268
2005;3;ECHI D'INFINITO;ANTONELLA RUGGIERO;2005;16;0,164948454
2005;4;CHE MISTERO È L'AMORE;LUCA NOTARI;2011;1;0,010309278
2005;5;NON CREDO NEI MIRACOLI;LAURA BONO;2005;35;0,360824742
2006;3;ESSERE UNA DONNA;ANNA TATANGELO;2006;34;0,350515464
2006;4;SOLE NEGLI OCCHI;RICCARDO MAFFONI;2004;6;0,06185567
2007;3;SCHIAVO D'AMORE;PIERO MAZZOCCHETTI;2015;3;0,030927835
2007;4;LA PARANZA;DANIELE SILVESTRI;2007;48;0,494845361
2007;5;CHISSÀ SE NEVICA;MANGO;2007;18;0,18556701
2007;6;MUSICA;COLAPESCE;2021;63;0,649484536
2007;7;IL TERZO FUOCHISTA;TOSCA;2007;30;0,309278351
2007;8;VIVERE NORMALE;FRANCESCO FACCHINETTI;2007;9;0,092783505
2007;9;APPENA PRIMA DI PARTIRE;ZERO ASSOLUTO;2007;41;0,422680412
2007;10;CANZONE FRA LE GUERRE;C. CARRARA;2007;4;0,041237113
2008;3;EPPURE MI HAI CAMBIATO LA VITA;FABRIZIO MORO;2016;40;0,412371134
2008;4;UN FALCO CHIUSO IN GABBIA;TOTO CUTUGNO;2008;24;0,24742268
2008;6;GRANDE;IL VOLO;2015;60;0,618556701
2008;7;L'AMORE NON SI SPIEGA;SERGIO CAMMARIERE;2008;45;0,463917526
2008;8;CAMMINA NEL SOLE;GIANLUCA GRIGNANI;2008;50;0,515463918
2008;9;NON FINISCE QUI;LITTLE TONY;2012;41;0,422680412
2008;10;GRANDE SUD;EUGENIO BENNATO;2008;27;0,278350515
2008;11;BACIAMI ADESSO;ENRICO NIGIOTTI;2020;52;0,536082474
2008;12;IL SOLITO SESSO;MAX GAZZÈ;2008;65;0,670103093
2008;13;BASTA!;L'AURA;2008;14;0,144329897
2008;14;RIVOLUZIONE;RENATO ZERO;2016;21;0,216494845
2008;15;L'ULTIMO FILM INSIEME;MICHELE ZARRILLO;2008;21;0,216494845
2008;16;VITA TRANQUILLA;TRICARICO;2008;32;0,329896907
2008;17;IL RUBACUORI;TIROMANCINO;2008;5;0,051546392
2008;18;CAMMINA CAMMINA;PAOLO SERAZZI;2018;47;0,484536082
2008;19;A FERRO E FUOCO;MARIO VENUTI;2008;19;0,195876289
2009;3;NON RIESCO A FARTI INNAMORARE;SAL DA VINCI;2009;43;0,443298969
2010;3;CREDIMI ANCORA;MARCO MENGONI;2010;38;0,391752577
2011;3;AMANDA È LIBERA;AL BANO;2017;15;0,154639175
2011;4;YANEZ[22];RELAXING MUSIC BY FINJUS YANEZ;2022;0;0
2011;6;IO CONFESSO;MAURO ERMANNO GIOVANARDI;2013;10;0,103092784
2011;7;VIVO SOSPESA;NATHALIE;2011;23;0,237113402
2011;8;FINO IN FONDO;LUCA BARBAROSSA;2011;48;0,494845361
2011;9;BASTARDO;SAMURAI JAY;2020;45;0,463917526
2011;10;IL MARE IMMENSO;GIUSY FERRERI;2011;35;0,360824742
2012;3;SONO SOLO PAROLE;NOEMI;2012;57;0,587628866
2012;4;RESPIRARE;SUBSONICA;2018;32;0,329896907
2012;5;NANÌ;PIERDAVIDE CARONE;2012;30;0,309278351
2012;6;CI VEDIAMO A CASA;DOLCENERA;2012;36;0,371134021
2012;7;PER SEMPRE;NINA ZILLI;2012;45;0,463917526
2012;8;LA TUA BELLEZZA;FRANCESCO RENGA;2012;42;0,432989691
2012;9;UN PALLONE;ENRICO RUGGERI;2019;26;0,268041237
2012;10;E TU LO CHIAMI DIO;EUGENIO FINARDI;2013;17;0,175257732
2013;3;SE SI POTESSE NON MORIRE;MODÀ;2014;39;0,402061856
2013;4;E SE POI;MARIO RICCARDI;2012;1;0,010309278
2013;5;SAI (CI BASTA UN SOGNO);RAPHAEL GUALAZZI;2014;26;0,268041237
2013;6;A BOCCA CHIUSA;DANIELE SILVESTRI;2013;49;0,505154639
2013;7;SOTTO CASA;MAX GAZZÈ;2013;54;0,556701031
2013;8;IL FUTURO CHE SARÀ;CHIARA GALIAZZO;2013;27;0,278350515
2013;9;SCINTILLE;GAZZELLE;2018;58;0,597938144
2013;10;È COLPA MIA;IL TEATRO DEGLI ORRORI;2009;30;0,309278351
2013;11;LA PRIMA VOLTA (CHE SONO MORTO);SIMONE CRISTICCHI;2013;27;0,278350515
2013;12;VORREI;J-AX;2017;55;0,567010309
2013;13;LA FELICITÀ;SIMONA MOLINARI;2013;40;0,412371134
2013;14;MAMMA NON LO SA;ALMAMEGRETTA;2013;24;0,24742268
2014;4;VIVENDO ADESSO;FRANCESCO RENGA;2014;47;0,484536082
2014;5;BAGNATI DAL SOLE;NOEMI;2014;35;0,360824742
2014;6;L'UNICA;ULTIMO;2017;57;0,587628866
2014;7;IL CIELO È VUOTO;LIGABUE;1995;30;0,309278351
2014;8;PEDALA;N.U.N.U.;2008;2;0,020618557
2014;9;TI PORTO A CENA CON ME;GIUSY FERRERI;2014;37;0,381443299
2014;11;COSÌ LONTANO;GIULIANO PALMA;2014;20;0,206185567
2014;12;DA LONTANO;ANTONELLA RUGGIERO;2014;12;0,12371134
2014;13;SING IN THE RAIN;MORIAH;2012;21;0,216494845
2015;3;ADESSO E QUI (NOSTALGICO PRESENTE);MALIKA AYANE;2015;42;0,432989691
2015;4;UNA FINESTRA TRA LE STELLE;ANNALISA;2015;61;0,628865979
2015;5;STRAORDINARIO;CHIARA GALIAZZO;2015;55;0,567010309
2015;6;CHE GIORNO È;MARCO MASINI;2020;28;0,288659794
2015;7;IL MONDO ESPLODE TRANNE NOI;DEAR JACK;2015;17;0,175257732
2015;8;SOGNI INFRANTI;GIANLUCA GRIGNANI;2015;26;0,268041237
2015;10;SIAMO UGUALI;LORENZO FRAGOLA;2015;49;0,505154639
2015;11;UN ATTIMO IMPORTANTE;ALEX BRITTI;2015;35;0,360824742
2015;12;UN VENTO SENZA NOME;IRENE GRANDI;2015;23;0,237113402
2015;13;BUONA FORTUNA AMORE;NESLI;2015;32;0,329896907
2015;14;IL SOLO AL MONDO;BIANCA ATZEI;2015;24;0,24742268
2015;15;OGGI TI PARLO COSÌ;MORENO;2015;16;0,164948454
2015;16;IO SONO UNA FINESTRA;GRAZIA DI MICHELE, MAURO CORUZZI;2015;9;0,092783505
2016;3;VIA DA QUI;FINECONFINE;2024;33;0,340206186
2016;4;IL PRIMO AMORE NON SI SCORDA MAI;GIGI D'ALESSIO;2001;24;0,24742268
2016;5;INFINITE VOLTE;LORENZO FRAGOLA;2016;41;0,422680412
2016;6;CIELI IMMENSI;PATTY PRAVO;2016;38;0,391752577
2016;7;QUANDO SONO LONTANO;CLEMENTINO;2016;45;0,463917526
2016;8;LA BORSA DI UNA DONNA;NOEMI;2016;28;0,288659794
2016;9;WAKE UP;MOONDEITY;2022;78;0,804123711
2016;10;GUARDANDO IL CIELO;ARISA;2016;34;0,350515464
2016;11;IL DILUVIO UNIVERSALE;ANNALISA;2024;0;0
2016;12;VINCERE L'ODIO;ELIO E LE STORIE TESE;2016;27;0,278350515
2016;13;FINALMENTE PIOVE;VALERIO SCANU;2016;33;0,340206186
2016;14;NOI SIAMO INFINITO;ALESSIO BERNABEI;2016;36;0,371134021
2016;15;ORA O MAI PIÙ (LE COSE CAMBIANO);DOLCENERA;2016;21;0,216494845
2016;16;BLU;EIFFEL 65;1999;79;0,81443299
2017;3;VIETATO MORIRE;ERMAL META;2017;53;0,546391753
2017;4;IL DIARIO DEGLI ERRORI;MICHELE BRAVI;2017;57;0,587628866
2017;5;FATTI BELLA PER TE;PAOLA TURCI;2017;35;0,360824742
2017;6;CON TE;ANDREA BOCELLI;1995;50;0,515463918
2017;7;PORTAMI VIA;FABRIZIO MORO;2017;56;0,577319588
2017;8;TUTTA COLPA MIA;ELODIE;2017;55;0,567010309
2017;9;ORA ESISTI SOLO TU;BIANCA ATZEI;2017;41;0,422680412
2017;10;VEDRAI;NINO D'ANGELO;2018;38;0,391752577
2017;11;MANI NELLE MANI;MICHELE ZARRILLO;2017;35;0,360824742
2017;12;IL CIELO NON MI BASTA;LODOVICA COMELLO;2017;26;0,268041237
2017;13;SPOSTATO DI UN SECONDO;MARCO MASINI;2017;33;0,340206186
2017;14;NESSUN POSTO È CASA MIA;CHIARA GALIAZZO;2017;40;0,412371134
2017;15;NEL MEZZO DI UN APPLAUSO;ALESSIO BERNABEI;2017;29;0,298969072
2017;16;RAGAZZI FUORI;RATA;2024;24;0,24742268
2018;3;IL MONDO PRIMA DI TE;ANNALISA;2018;53;0,546391753
2018;4;ALMENO PENSAMI;RON;2018;27;0,278350515
2018;5;IMPARARE AD AMARSI;ORNELLA VANONI, BUNGARO, PACIFICO;2018;35;0,360824742
2018;6;LA LEGGENDA DI CRISTALDA E PIZZOMUNNO;MAX GAZZÈ;2018;40;0,412371134
2018;7;PASSAME ER SALE;LUCA BARBAROSSA;2018;29;0,298969072
2018;8;ADESSO;GEMITAIZ;2022;55;0,567010309
2018;9;FRIDA (MAI, MAI, MAI);THE KOLORS;2018;42;0,432989691
2018;10;ETERNO;GIOVANNI CACCAMO;2018;35;0,360824742
2018;11;COSÌ SBAGLIATO;LE VIBRAZIONI;2018;46;0,474226804
2018;12;IL CORAGGIO DI OGNI GIORNO;ELLIE COTTINO;2022;5;0,051546392
2018;13;CUSTODIRE;RENZO RUBINO;2017;14;0,144329897
2018;14;NON SMETTERE MAI DI CERCARMI;NOEMI;2018;32;0,329896907
2018;15;OGNUNO HA IL SUO RACCONTO;RED CANZIAN;2018;16;0,164948454
2018;16;LETTERA DAL DUCA;DECIBEL;2018;17;0,175257732
2018;17;SENZA APPARTENERE;NINA ZILLI;2018;24;0,24742268
2018;18;IL SEGRETO DEL TEMPO;ROBY FACCHINETTI;2018;17;0,175257732
2018;19;RIVEDERTI;CLAUDIO VILLA;2021;0;0
2018;20;ARRIVEDORCI;ELIO E LE STORIE TESE;2018;26;0,268041237
2019;3;MUSICA CHE RESTA;IL VOLO;2019;33;0,340206186
2019;4;COSA TI ASPETTI DA ME;LOREDANA BERTÈ;2019;46;0,474226804
2019;5;ABBI CURA DI ME;SIMONE CRISTICCHI;2019;36;0,371134021
2019;6;ARGENTOVIVO;DANIELE SILVESTRI;2019;35;0,360824742
2019;7;LA RAGAZZA CON IL CUORE DI LATTA;IRAMA;2019;55;0,567010309
2019;8;MI SENTO BENE;SALMO;2021;48;0,494845361
2019;9;ROLLS ROYCE;ACHILLE LAURO;2020;53;0,546391753
2019;10;NONNO HOLLYWOOD;ENRICO NIGIOTTI;2019;54;0,556701031
2019;11;PER UN MILIONE;BOOMDABASH;2019;62;0,639175258
2019;12;ROSE VIOLA;GHEMON;2019;41;0,422680412
2019;13;SOLO UNA CANZONE;EX-OTAGO;2019;44;0,453608247
2019;14;DOV'È L'ITALIA;MOTTA;2019;27;0,278350515
2019;15;ASPETTO CHE TORNI;FRANCESCO RENGA;2019;26;0,268041237
2019;16;L'ULTIMO OSTACOLO;PAOLA TURCI;2019;26;0,268041237
2019;17;L'AMORE È UNA DITTATURA;THE ZEN CIRCUS;2019;33;0,340206186
2019;18;SENZA FARLO APPOSTA;SHADE;2019;48;0,494845361
2019;19;MI FARÒ TROVARE PRONTO;NEK;2019;24;0,24742268
2019;20;I RAGAZZI STANNO BENE;NEGRITA;2019;31;0,319587629
2019;21;UN PO' COME LA VITA;PATTY PRAVO;2019;23;0,237113402
2019;22;LE NOSTRE ANIME DI NOTTE;ANNA TATANGELO;2019;22;0,226804124
2019;23;PAROLE NUOVE;MATTEO BRANCIAMORE;2010;39;0,402061856
2019;24;UN'ALTRA LUCE;NINO D'ANGELO;2019;26;0,268041237
2020;3;RINGO STARR;PINGUINI TATTICI NUCLEARI;2020;65;0,670103093
2020;4;DOV'È;LE VIBRAZIONI;2020;54;0,556701031
2020;5;GIGANTE;PIERO PELÙ;2020;39;0,402061856
2020;6;HO AMATO TUTTO;TOSCA;2020;33;0,340206186
2020;7;ANDROMEDA;ELODIE;2020;51;0,525773196
2020;8;ME NE FREGO;ACHILLE LAURO;2020;51;0,525773196
2020;9;FINALMENTE IO;IRENE GRANDI;2020;34;0,350515464
2020;10;EDEN;RANCORE;2022;41;0,422680412
2020;11;CARIOCA;IZI;2019;43;0,443298969
2020;12;TIKIBOMBOM;LEVANTE;2020;50;0,515463918
2020;13;ROSSO DI RABBIA;ANASTASIO;2020;33;0,340206186
2020;14;IL SOLE AD EST;ALBERTO URSO;2020;29;0,298969072
2020;15;IL CONFRONTO;MARCO MASINI;2020;39;0,402061856
2020;16;VOGLIO PARLARTI ADESSO;PAOLO JANNACCI;2020;20;0,206185567
2020;17;NIENTE (RESILIENZA 74);RITA PAVONE;2020;24;0,24742268
2020;18;NELL'ESTASI O NEL FANGO;MICHELE ZARRILLO;2020;26;0,268041237
2020;19;BACIAMI ADESSO;ENRICO NIGIOTTI;2020;52;0,536082474
2020;20;COME MIA MADRE;GIORDANA ANGI;2020;25;0,257731959
2020;21;MUSICA (E IL RESTO SCOMPARE);ELETTRA LAMBORGHINI;2020;48;0,494845361
2020;22;NO GRAZIE;PACMAN XII;2018;6;0,06185567
2020;23;LO SAPPIAMO ENTRAMBI;RIKI;2020;29;0,298969072
2021;3;UN MILIONE DI COSE DA DIRTI;ERMAL META;2021;47;0,484536082
2021;4;MUSICA LEGGERISSIMA;COLAPESCE;2021;63;0,649484536
2021;5;LA GENESI DEL TUO COLORE;IRAMA;2021;57;0,587628866
2021;6;MAI DIRE MAI (LA LOCURA);WILLIE PEYOTE;2021;51;0,525773196
2021;7;DIECI;ANNALISA;2021;54;0,556701031
2021;8;VOCE;MADAME;2021;56;0,577319588
2021;9;QUANDO TI SEI INNAMORATO;ORIETTA BERTI;2021;29;0,298969072
2021;10;POTEVI FARE DI PIÙ;ARISA;2021;42;0,432989691
2021;12;BIANCA LUCE NERA;EXTRALISCIO;2021;25;0,257731959
2021;13;COMBAT POP;GABRIELE FELICI;2021;0;0
2021;14;GLICINE;NOEMI;2021;46;0,474226804
2021;15;TI PIACI COSÌ;MALIKA AYANE;2021;32;0,329896907
2021;16;SANTA MARINELLA;FULMINACCI;2021;52;0,536082474
2021;17;IL FARMACISTA;MAX GAZZÈ;2021;32;0,329896907
2021;18;PARLAMI;FASMA;2021;60;0,618556701
2021;19;CUORE AMARO;GAIA;2021;37;0,381443299
2021;20;FIAMME NEGLI OCCHI;COMA_COSE;2021;58;0,597938144
2021;21;MOMENTO PERFETTO;GHEMON;2021;35;0,360824742
2021;22;QUANDO TROVO TE;FRANCESCO RENGA;2021;32;0,329896907
2021;23;ARNICA;GIO EVAN;2021;38;0,391752577
2021;24;E INVECE SÌ;BUGO;2021;26;0,268041237
2021;26;TORNO A TE;RANDOM;2021;31;0,319587629
2022;1;BRIVIDI;MAHMOOD;2022;65;0,670103093
2022;3;APRI TUTTE LE PORTE;GIANNI MORANDI;2022;44;0,453608247
2022;4;OVUNQUE SARAI;IRAMA;2022;58;0,597938144
2022;5;FARFALLE;SANGIOVANNI;2022;58;0,597938144
2022;6;OGNI VOLTA È COSÌ;EMMA;2022;48;0,494845361
2022;7;CIAO CIAO;LA RAPPRESENTANTE DI LISTA;2022;57;0,587628866
2022;8;LETTERA DI LÀ DAL MARE;MASSIMO RANIERI;2022;35;0,360824742
2022;9;DOVE SI BALLA;DARGEN D'AMICO;2022;60;0,618556701
2022;10;INVERNO DEI FIORI;MICHELE BRAVI;2022;49;0,505154639
2022;11;VIRALE;MATTEO ROMANO;2022;53;0,546391753
2022;12;SEI TU;ANDREW UNDERBERG;2024;61;0,628865979
2022;13;PERFETTA COSÌ;AKA 7EVEN;2022;48;0,494845361
2022;14;DOMENICA;COEZ;2019;62;0,639175258
2022;15;TI AMO NON LO SO DIRE;NOEMI;2022;45;0,463917526
2022;16;CHIMICA;DONATELLA RETTORE;2022;32;0,329896907
2022;17;INSUPERABILE;RKOMI;2022;60;0,618556701
2022;19;TUO PADRE, MIA MADRE, LUCIA;GIOVANNI TRUPPI;2022;28;0,288659794
2022;20;ABBI CURA DI TE;HIGHSNOB;2022;47;0,484536082
2022;21;ORA E QUI;GRUPPO PALUDE;2021;0;0
2022;22;TANTISSIMO;LE VIBRAZIONI;2022;43;0,443298969
2022;23;MIELE;GIGI D'ALESSIO;2002;49;0,505154639
2022;24;DUECENTOMILA ORE;ANA MENA;2022;49;0,505154639
2022;25;SESSO OCCASIONALE;TANANAI;2022;60;0,618556701
2023;4;ALBA;VASCO ROSSI;1984;56;0,577319588
2023;5;TANGO;TANANAI;2022;68;0,701030928
2023;10;SPLASH;MV KILLA;2020;56;0,577319588
2023;13;L'ADDIO;GIUNI RUSSO;1981;30;0,309278351
2023;22;MOSTRO;MOSTRO;2017;60;0,618556701
2023;23;VIVO;ANDREA BOCELLI;1995;54;0,556701031
2023;24;POLVERE;TEDUA;2020;63;0,649484536
2023;26;STUPIDO;MASSIMO PERICOLO;2021;67;0,690721649
1952;2;PAPAVERI E PAPERE;NILLA PIZZI;2014;33;0,340206186
1953;2;CAMPANARO;NILLA PIZZI;2011;4;0,041237113
1954;2;CANZONE DA DUE SOLDI;NILLA PIZZI;2011;19;0,195876289
1955;2;IL TORRENTE;TORRENTE;2024;0;0
1956;2;AMAMI SE VUOI;TONINA TORIELLI;2014;27;0,278350515
1957;2;USIGNOLO;CLAUDIO VILLA;2008;12;0,12371134
1958;2;L'EDERA;ERICA MOU;2016;4;0,041237113
1959;2;IO SONO IL VENTO;MARINO MARINI;1955;32;0,329896907
1960;2;LIBERO;TOMMY RICCIO;2018;29;0,298969072
1961;2;24MILA BACI;ADRIANO CELENTANO;2006;46;0,474226804
1962;2;TANGO ITALIANO;COCKI MAZZETTI;2019;46;0,474226804
1963;2;AMOR MON AMOUR MY LOVE;CECILIA;2006;27;0,278350515
1964;2;SABATO SERA;DJ MATRIX;2018;36;0,371134021
1964;2;QUANDO VEDRAI LA MIA RAGAZZA;LITTLE TONY;1994;27;0,278350515
1964;2;OGNI VOLTA;PAUL ANKA;2000;32;0,329896907
1964;2;UNA LACRIMA SUL VISO;BOBBY SOLO;1999;46;0,474226804
1964;2;UN BACIO PICCOLISSIMO;ANDREA FARRI;2024;23;0,237113402
1964;2;STASERA NO NO NO;ALESSIO;2006;53;0,546391753
1964;2;COME POTREI DIMENTICARTI;TONY DALLARA;2016;1;0,010309278
1964;2;CHE ME NE IMPORTA A ME;TOPO GIGIO;1996;7;0,072164948
1964;2;IERI HO INCONTRATO MIA MADRE;GINO PAOLI;1964;14;0,144329897
1964;2;MOTIVO D'AMORE;JOVANOTTI;2002;31;0,319587629
1964;2;LA PRIMA CHE INCONTRO;FABRIZIO FERRETTI;2011;2;0,020618557
1965;2;LE COLLINE SONO IN FIORE;WILMA GOICH;2009;36;0,371134021
1965;2;L'AMORE HA I TUOI OCCHI;I GIGANTI;1969;6;0,06185567
1965;2;IO CHE NON VIVO (SENZA TE);IL VOLO;2015;52;0,536082474
1965;2;VIENI CON NOI;ALIEN CUT;2021;27;0,278350515
1965;2;SI VEDRÀ;ORNELLA VANONI;1989;1;0,010309278
1965;2;PRIMA O POI;GRENBAUD;2019;34;0,350515464
1965;2;AMICI MIEI;I GIRASOLI;2015;26;0,268041237
1965;2;ABBRACCIAMI FORTE;ENRIQUE GUZMAN;1991;25;0,257731959
1965;2;ASPETTA DOMANI;FRED BONGUSTO;2010;13;0,134020619
1965;2;INVECE NO;LAURA PAUSINI;2008;49;0,505154639
1965;2;HO BISOGNO DI VEDERTI;GIGLIOLA CINQUETTI;2010;18;0,18556701
1966;2;NESSUNO MI PUÒ GIUDICARE;CATERINA CASELLI;1966;58;0,597938144
1967;2;QUANDO DICO CHE TI AMO;TONY RENIS;2001;33;0,340206186
1968;2;CASA BIANCA;DON BACKY;2012;20;0,206185567
1969;2;LONTANO DAGLI OCCHI;SERGIO ENDRIGO;2000;40;0,412371134
1970;2;LA PRIMA COSA BELLA;NICOLA DI BARI;2000;49;0,505154639
1971;2;CHE SARÀ;ACHILLE LAURO;2022;49;0,505154639
1972;2;COME LE VIOLE;PEPPINO GAGLIARDI;1995;44;0,453608247
1973;2;COME UN RAGAZZINO;PEPPINO GAGLIARDI;2015;36;0,371134021
1974;2;QUESTA È LA MIA VITA;LIGABUE;2002;56;0,577319588
1975;2;IPOCRISIA;EMANUELE ALOIA;2021;34;0,350515464
1976;2;COME STAI, CON CHI SEI;DORI GHEZZI;2000;16;0,164948454
1977;2;TU MI RUBI L'ANIMA;I COLLAGE;1996;40;0,412371134
1978;2;UN'EMOZIONE DA POCO;ANNA OXA;1978;50;0,515463918
1979;2;BARBARA;THE BEACH BOYS;1975;63;0,649484536
1980;2;TI VOGLIO BENE;CRISTINA D'AVENA;2019;40;0,412371134
1981;2;MALEDETTA PRIMAVERA;LORETTA GOGGI;2008;56;0,577319588
1982;2;FELICITÀ;AL BANO AND ROMINA POWER;1982;72;0,742268041
1983;2;VOLEVO DIRTI;NISBA;2021;37;0,381443299
1984;2;SERENATA;JOVANOTTI;1994;51;0,525773196
1985;2;NOI, RAGAZZI DI OGGI;LUIS MIGUEL;1985;49;0,505154639
1986;2;IL CLARINETTO;RENZO ARBORE;1986;32;0,329896907
1987;2;FIGLI;ALAN SORRENTI;1977;61;0,628865979
1988;2;EMOZIONI;LUCIO BATTISTI;1970;55;0,567010309
1989;2;LE MAMME;PINO MARELLI;2011;21;0,216494845
1990;2;GLI AMORI;TOTO CUTUGNO;2002;39;0,402061856
1991;2;SPALLE AL MURO;RENATO ZERO;1991;39;0,402061856
1992;2;GLI UOMINI NON CAMBIANO;MIA MARTINI;1992;54;0,556701031
1993;2;DIETRO LA PORTA;CRISTIANO DE ANDRÉ;1992;22;0,226804124
1994;2;SIGNOR TENENTE;GIORGIO FALETTI;1994;38;0,391752577
1995;2;IN AMORE;RICHARD CLAYDERMAN;2017;10;0,103092784
1996;2;LA TERRA DEI CACHI;ELIO E LE STORIE TESE;1997;44;0,453608247
1997;2;STORIE;JESTO;2018;48;0,494845361
1998;2;AMORE LONTANISSIMO;ANTONELLA RUGGIERO;1997;25;0,257731959
2000;2;LA TUA RAGAZZA SEMPRE;IRENE GRANDI;2001;45;0,463917526
2001;2;DI SOLE E D'AZZURRO;GIORGIA;2001;51;0,525773196
2002;2;DIMMI COME...;ALEXIA;2002;35;0,360824742
2003;2;7000 CAFFÈ;ALEX BRITTI;2003;46;0,474226804
2004;2;SEI LA VITA MIA;NATALE GALLETTA;2010;28;0,288659794
2006;2;DOVE SI VA;NOMADI;2006;39;0,402061856
2007;2;NEL PERDONO;TAME IMPALA;2015;82;0,845360825
2008;2;IL MIO AMICO;MADAME;2021;47;0,484536082
2009;2;LUCA ERA GAY;POVIA;2009;25;0,257731959
2010;2;ITALIA AMORE MIO;LUCA CANONICI;2013;30;0,309278351
2011;2;ARRIVERÀ;EMMA;2014;29;0,298969072
2012;2;LA NOTTE;MODÀ;2011;51;0,525773196
2013;2;LA CANZONE MONONOTA;ELIO E LE STORIE TESE;2013;35;0,360824742
2014;2;LIBERI O NO;RAPHAEL GUALAZZI;2014;21;0,216494845
2015;2;FATTI AVANTI AMORE;NEK;2015;47;0,484536082
2016;2;NESSUN GRADO DI SEPARAZIONE;FRANCESCA MICHIELIN;2016;53;0,546391753
2017;2;CHE SIA BENEDETTA;FIORELLA MANNOIA;2017;51;0,525773196
2018;2;UNA VITA IN VACANZA;LO STATO SOCIALE;2018;55;0,567010309
2019;2;I TUOI PARTICOLARI;ULTIMO;2019;64;0,659793814
2020;2;VICEVERSA;FRANCESCO GABBANI;2020;62;0,639175258
2021;2;CHIAMAMI PER NOME;FRANCESCA MICHIELIN;2021;55;0,567010309
2022;2;O FORSE SEI TU;ELISA;2022;59;0,608247423
2023;2;CENERE;LAZZA;2022;70;0,721649485
