﻿Anno;Sede;Presentatore;Partecipanti;Vincitore
1951;CASINÒ DI SANREMO;NUNZIO FILOGAMO;3;NILLA PIZZI
1952;CASINÒ DI SANREMO;NUNZIO FILOGAMO;5;NILLA PIZZI
1953;CASINÒ DI SANREMO;NUNZIO FILOGAMO;10;CARLA BONI
1954;CASINÒ DI SANREMO;NUNZIO FILOGAMO;12;GINO LATILLA
1955;CASINÒ DI SANREMO;ARMANDO PIZZO;15;CLAUDIO VILLA
1956;CASINÒ DI SANREMO;FAUSTO TOMMEI;6;FRANCA RAIMONDI
1957;CASINÒ DI SANREMO;NUNZIO FILOGAMO;17;CLAUDIO VILLA
1958;CASINÒ DI SANREMO;GIANNI AGUS;15;DOMENICO MODUGNO
1959;CASINÒ DI SANREMO;ENZO TORTORA;17;DOMENICO MODUGNO
1960;CASINÒ DI SANREMO;PAOLO FERRARI;23;TONY DALLARA
1961;CASINÒ DI SANREMO;LILLI LEMBO;42;BETTY CURTIS
1962;CASINÒ DI SANREMO;RENATO TAGLIANI;45;DOMENICO MODUGNO
1963;CASINÒ DI SANREMO;MIKE BONGIORNO;21;TONY RENIS
1964;CASINÒ DI SANREMO;MIKE BONGIORNO;40;GIGLIOLA CINQUETTI
1965;CASINÒ DI SANREMO;MIKE BONGIORNO;43;BOBBY SOLO
1966;CASINÒ DI SANREMO;MIKE BONGIORNO;47;DOMENICO MODUGNO
1967;CASINÒ DI SANREMO;MIKE BONGIORNO;58;CLAUDIO VILLA
1968;CASINÒ DI SANREMO;PIPPO BAUDO;48;SERGIO ENDRIGO
1969;CASINÒ DI SANREMO;NUCCIO COSTA;48;BOBBY SOLO
1970;CASINÒ DI SANREMO;NUCCIO COSTA;52;ADRIANO CELENTANO
1971;CASINÒ DI SANREMO;CARLO GIUFFRÉ;48;NADA
1972;CASINÒ DI SANREMO;MIKE BONGIORNO;28;NICOLA DI BARI
1973;CASINÒ DI SANREMO;MIKE BONGIORNO;30;PEPPINO DI CAPRI
1974;CASINÒ DI SANREMO;CORRADO;28;IVA ZANICCHI
1975;CASINÒ DI SANREMO;MIKE BONGIORNO;30;GILDA
1976;CASINÒ DI SANREMO;GIANCARLO GUARDABASSI;30;PEPPINO DI CAPRI
1977;TEATRO ARISTON;MARIA GIOVANNA ELMI;12;HOMO SAPIENS
1978;TEATRO ARISTON;MARIA GIOVANNA ELMI;14;MATIA BAZAR
1979;TEATRO ARISTON;MIKE BONGIORNO;22;MINO VERGNAGHI
1980;TEATRO ARISTON;ROBERTO BENIGNI;30;TOTO CUTUGNO
1981;TEATRO ARISTON;CLAUDIO CECCHETTO;28;ALICE
1982;TEATRO ARISTON;CLAUDIO CECCHETTO;30;RICCARDO FOGLI
1983;TEATRO ARISTON;ANDREA GIORDANA;36;TIZIANA RIVALE
1984;TEATRO ARISTON;PIPPO BAUDO;36;AL BANO
1985;TEATRO ARISTON;PIPPO BAUDO;38;RICCHI E POVERI
1986;TEATRO ARISTON;LORETTA GOGGI;36;EROS RAMAZZOTTI
1987;TEATRO ARISTON;PIPPO BAUDO;40;GIANNI MORANDI
1988;TEATRO ARISTON;MIGUEL BOSÉ;42;MASSIMO RANIERI
1989;TEATRO ARISTON;ROSITA CELENTANO;48;ANNA OXA
1990;TEATRO ARISTON;GABRIELLA CARLUCCI;36;POOH
1991;TEATRO ARISTON;ANDREA OCCHIPINTI;36;RICCARDO COCCIANTE
1992;TEATRO ARISTON;PIPPO BAUDO;42;LUCA BARBAROSSA
1993;TEATRO ARISTON;PIPPO BAUDO;42;ENRICO RUGGERI
1994;TEATRO ARISTON;PIPPO BAUDO;38;ALEANDRO BALDI
1995;TEATRO ARISTON;PIPPO BAUDO;39;GIORGIA
1996;TEATRO ARISTON;PIPPO BAUDO;37;RON
1997;TEATRO ARISTON;MIKE BONGIORNO;41;JALISSE
1998;TEATRO ARISTON;RAIMONDO VIANELLO;28;ANNALISA MINETTI
1999;TEATRO ARISTON;FABIO FAZIO;28;ANNA OXA
2000;TEATRO ARISTON;FABIO FAZIO;34;PICCOLA ORCHESTRA AVION TRAVEL
2001;TEATRO ARISTON;RAFFAELLA CARRÀ;32;ELISA
2002;TEATRO ARISTON;PIPPO BAUDO;36;MATIA BAZAR
2003;TEATRO ARISTON;PIPPO BAUDO;36;ALEXIA
2004;TEATRO ARISTON;SIMONA VENTURA;22;MARCO MASINI
2005;TEATRO ARISTON;PAOLO BONOLIS;32;FRANCESCO RENGA
2006;TEATRO ARISTON;GIORGIO PANARIELLO;30;POVIA
2007;TEATRO ARISTON;PIPPO BAUDO;34;SIMONE CRISTICCHI
2008;TEATRO ARISTON;PIPPO BAUDO;34;GIÒ DI TONNO
2009;TEATRO ARISTON;PAOLO BONOLIS;26;MARCO CARTA
2010;TEATRO ARISTON;ANTONELLA CLERICI;25;VALERIO SCANU
2011;TEATRO ARISTON;GIANNI MORANDI;22;ROBERTO VECCHIONI
2012;TEATRO ARISTON;GIANNI MORANDI;22;EMMA MARRONE
2013;TEATRO ARISTON;FABIO FAZIO;22;MARCO MENGONI
2014;TEATRO ARISTON;FABIO FAZIO;22;ARISA
2015;TEATRO ARISTON;CARLO CONTI;28;IL VOLO
2016;TEATRO ARISTON;CARLO CONTI;28;STADIO
2017;TEATRO ARISTON;CARLO CONTI;30;FRANCESCO GABBANI
2018;TEATRO ARISTON;CLAUDIO BAGLIONI;28;ERMAL META
2019;TEATRO ARISTON;CLAUDIO BAGLIONI;24;MAHMOOD
2020;TEATRO ARISTON;AMADEUS;32;DIODATO
2021;TEATRO ARISTON;AMADEUS;34;MÅNESKIN
2022;TEATRO ARISTON;AMADEUS;25;MAHMOOD
2023;TEATRO ARISTON;AMADEUS;28;MARCO MENGONI
